term,coef,hazard_ratio,p_value,concordance_index
age,0.010677042525428585,1.010734245549075,0.23490833746005896,0.6560303626651672
sex_M,0.03285028097465673,1.0333958086452733,0.829406649692158,0.6560303626651672
who_status,0.3540727463439615,1.4248588359807604,0.0009482496157536334,0.6560303626651672
scheme_60gy,-0.6141010409163298,0.5411271278720031,0.0006698528974738138,0.6560303626651672
