method,pair,value,p_value
pearson,eqd2_vs_os,0.33893040912944467,1.7240068102755261e-06
pearson,scheme60_vs_os,0.3378058378277072,1.8748044282068457e-06
pearson,age_vs_os,-0.2799472937517666,9.159154689173578e-05
pearson,age_vs_eqd2,-0.5670317739599594,1.4796480739546234e-17
pearson,age_vs_dmean,-0.5645330019090349,2.1968200730477168e-17
