term,hazard_ratio,hr_ci_lower,hr_ci_upper,p
eqd2_gy,1.1210486850628076,0.7241669314392278,1.7354426165019063,0.6083123040162213
Dmean_gy,0.8764158398465971,0.5944750370060808,1.2920722932326583,0.50535841164256
age,1.0123335650203245,0.9944544172957738,1.0305341592765578,0.17756307123187198
sex_M,0.949153829173796,0.7054341434482031,1.2770759677603103,0.7303522410056584
