term,hazard_ratio,hr_ci_lower,hr_ci_upper,p
eqd2_gy,1.1210486850628165,0.7241669314394532,1.7354426165013936,0.6083123040159477
Dmean_gy,0.876415839846591,0.5944750370062367,1.2920722932323012,0.505358411642242
age,1.0123335650203245,0.9944544172957738,1.0305341592765578,0.17756307123187162
sex_M,0.949153829173796,0.7054341434482031,1.2770759677603103,0.7303522410056583
