pair,statistic,value,p_value
EQD2_vs_outcome_proxy,point_biserial_r,0.36065896642761514,3.1940432198262145e-07
Dmean_vs_outcome_proxy,point_biserial_r,0.3604085139933265,3.259083081673876e-07
EQD2_vs_OS,pearson_r,0.3389304091294446,1.7240068102755837e-06
Dmean_vs_OS,pearson_r,0.33874464858209147,1.7480921415222452e-06
