pair,statistic,value,p_value
EQD2_vs_outcome_proxy,point_biserial_r,0.3606589664276154,3.1940432198261573e-07
Dmean_vs_outcome_proxy,point_biserial_r,0.3604085139933264,3.2590830816739895e-07
EQD2_vs_OS,pearson_r,0.33893040912944467,1.7240068102755261e-06
Dmean_vs_OS,pearson_r,0.33874464858209136,1.7480921415223026e-06
