term,coef,hazard_ratio,p_value,concordance_index,n_patients
volume_cc,0.007274044796299259,1.0073005649240168,0.04460172072512225,0.6407551360355358,61
age,0.004419939119459166,1.004429721457505,0.8285817029793523,0.6407551360355358,61
sex_M,-0.14834686559351803,0.8621320191375134,0.6039646507417401,0.6407551360355358,61
who_status,0.46676292384889945,1.594823264033734,0.006376095193656154,0.6407551360355358,61
