comparison,n_high,n_low,logrank_chi2,logrank_p_value
EQD2>=50.0_vs_<50.0,126,64,21.752295041522373,3.1021853864807283e-06
