{
  "generated": "2026-06-28",
  "git_hash": "0300cf8",
  "n_modeling": 190,
  "median_os_wk": 51.0,
  "models": [
    {
      "model": "poisson_tcp",
      "dose_variable": "eqd2_gy",
      "n": 190,
      "outcome_definition": "OS >= median (51 wk)",
      "D50_gy": 53.20045826458758,
      "gamma50": 3.3237300291959646,
      "param2_name": "gamma50",
      "nll": 118.90916249031162,
      "nll_null": 131.68743779619973,
      "aic": 241.81832498062323,
      "bic": 248.3123731249442,
      "aic_null": 263.37487559239946,
      "bic_null": 263.37487559239946,
      "lr_chi2": 25.55655061177623,
      "lr_p_value": 2.8214057455899777e-06,
      "mcfadden_pseudo_r2": 0.09703488441823771,
      "roc_auc_insample": 0.683455230496454,
      "roc_auc_cv_mean": 0.6848461064943059,
      "roc_auc_cv_std": 0.09778655015699136,
      "brier_score": 0.21763489622000196,
      "brier_null": 0.24997229916897504,
      "accuracy_at_0p5": 0.6736842105263158,
      "sensitivity": 0.8229166666666666,
      "specificity": 0.5212765957446809,
      "pred_tcp_min": 0.06512082150553045,
      "pred_tcp_max": 0.6355612042057055
    },
    {
      "model": "logistic_tcp",
      "dose_variable": "eqd2_gy",
      "n": 190,
      "outcome_definition": "OS >= median (51 wk)",
      "D50_gy": 53.968226308564596,
      "k": 0.0928609483533925,
      "param2_name": "k",
      "nll": 118.8727430995771,
      "nll_null": 131.68743779619973,
      "aic": 241.7454861991542,
      "bic": 248.23953434347516,
      "aic_null": 263.37487559239946,
      "bic_null": 263.37487559239946,
      "lr_chi2": 25.629389393245276,
      "lr_p_value": 2.7205004744512706e-06,
      "mcfadden_pseudo_r2": 0.09731144375710865,
      "roc_auc_insample": 0.683455230496454,
      "roc_auc_cv_mean": 0.6848461064943059,
      "roc_auc_cv_std": 0.09778655015699136,
      "brier_score": 0.21745690125001307,
      "brier_null": 0.24997229916897504,
      "accuracy_at_0p5": 0.6736842105263158,
      "sensitivity": 0.8229166666666666,
      "specificity": 0.5212765957446809,
      "pred_tcp_min": 0.10816377093495858,
      "pred_tcp_max": 0.6364794321328736
    },
    {
      "model": "probit_tcp",
      "dose_variable": "eqd2_gy",
      "n": 190,
      "outcome_definition": "OS >= median (51 wk)",
      "D50_gy": 53.903159367844864,
      "sigma_gy": 17.447943326215963,
      "param2_name": "sigma_gy",
      "nll": 118.8656327551214,
      "nll_null": 131.68743779619973,
      "aic": 241.7312655102428,
      "bic": 248.22531365456376,
      "aic_null": 263.37487559239946,
      "bic_null": 263.37487559239946,
      "lr_chi2": 25.64361008215667,
      "lr_p_value": 2.7012253864810987e-06,
      "mcfadden_pseudo_r2": 0.09736543785536655,
      "roc_auc_insample": 0.683455230496454,
      "roc_auc_cv_mean": 0.6848461064943059,
      "roc_auc_cv_std": 0.09778655015699136,
      "brier_score": 0.21745897069499381,
      "brier_null": 0.24997229916897504,
      "accuracy_at_0p5": 0.6736842105263158,
      "sensitivity": 0.8229166666666666,
      "specificity": 0.5212765957446809,
      "pred_tcp_min": 0.09708726525482891,
      "pred_tcp_max": 0.6366168675210719
    },
    {
      "model": "eud_tcp",
      "dose_variable": "gEUD_a-10",
      "n": 190,
      "outcome_definition": "OS >= median (51 wk)",
      "D50_gy": 52.34761934738744,
      "gamma50": 2.9076107944750236,
      "geud_a": -10.0,
      "param2_name": "gamma50",
      "nll": 118.84539842773617,
      "nll_null": 131.68743779619973,
      "aic": 243.69079685547234,
      "bic": 253.4318690719538,
      "aic_null": 263.37487559239946,
      "bic_null": 263.37487559239946,
      "lr_chi2": 25.68407873692712,
      "lr_p_value": 1.1106109401248787e-05,
      "mcfadden_pseudo_r2": 0.0975190920514224,
      "roc_auc_insample": 0.6849512411347518,
      "roc_auc_cv_mean": 0.6818282548476455,
      "roc_auc_cv_std": 0.0859778819957701,
      "brier_score": 0.21755785480673734,
      "brier_null": 0.24997229916897504,
      "accuracy_at_0p5": 0.6684210526315789,
      "sensitivity": 0.8229166666666666,
      "specificity": 0.5106382978723404,
      "pred_tcp_min": 0.04157519353974488,
      "pred_tcp_max": 0.6639970174742609
    },
    {
      "model": "poisson_tcp",
      "dose_variable": "Dmean_gy",
      "n": 190,
      "outcome_definition": "OS >= median (51 wk)",
      "D50_gy": 52.394396311019925,
      "gamma50": 2.904196573382757,
      "param2_name": "gamma50",
      "nll": 118.86710862061952,
      "nll_null": 131.68743779619973,
      "aic": 241.73421724123904,
      "bic": 248.22826538556,
      "aic_null": 263.37487559239946,
      "bic_null": 263.37487559239946,
      "lr_chi2": 25.640658351160425,
      "lr_p_value": 2.7052149751405352e-06,
      "mcfadden_pseudo_r2": 0.09735423051833558,
      "roc_auc_insample": 0.6863918439716312,
      "roc_auc_cv_mean": 0.6857125269313636,
      "roc_auc_cv_std": 0.08562949828457084,
      "brier_score": 0.21761523690181084,
      "brier_null": 0.24997229916897504,
      "accuracy_at_0p5": 0.6684210526315789,
      "sensitivity": 0.8229166666666666,
      "specificity": 0.5106382978723404,
      "pred_tcp_min": 0.04176950579251349,
      "pred_tcp_max": 0.6631876832389617
    }
  ],
  "figures": [
    "01_demographics.png",
    "01_exclusion_reasons.png",
    "01_fractionation.png",
    "01_survival.png",
    "02_dmean_by_fractionation.png",
    "02_dvh_cohort_mean.png",
    "02_dvh_correlation.png",
    "02_dvh_overlay_median.png",
    "02_dvh_overlay_sample.png",
    "02_volume_hi.png",
    "03_cox_forest.png",
    "03_kaplan_meier_eqd2.png",
    "03_model_calibration.png",
    "03_tcp_curves_os_proxy.png",
    "04_clinical_prognosis.png",
    "05_rano_vs_os_tcp_auc.png",
    "06_within_arm_rano_tcp.png",
    "07_rano_logistic_roc_40gy.png",
    "07_rano_volume_validation_40gy.png",
    "08_pooled_rano_roc.png",
    "08_pyradiomics_nested_cv_auc.png",
    "08_pyradiomics_vs_volume_auc.png"
  ]
}
