{
  "generated": "2026-06-28",
  "git_hash": "4bb2080",
  "n_modeling": 190,
  "median_os_wk": 51.0,
  "models": [
    {
      "model": "poisson_tcp",
      "dose_variable": "eqd2_gy",
      "n": 190,
      "outcome_definition": "OS >= median (51 wk)",
      "D50_gy": 53.20047040412059,
      "gamma50": 3.323732564123027,
      "nll": 118.90916249035902,
      "nll_null": 131.68743779619973,
      "aic": 241.81832498071805,
      "bic": 248.31237312503902,
      "aic_null": 263.37487559239946,
      "bic_null": 263.37487559239946,
      "lr_chi2": 25.556550611681416,
      "lr_p_value": 2.821405745701e-06,
      "mcfadden_pseudo_r2": 0.09703488441787778,
      "roc_auc_insample": 0.683455230496454,
      "roc_auc_cv_mean": 0.6848461064943059,
      "roc_auc_cv_std": 0.09778655015699136,
      "brier_score": 0.2176348960313128,
      "brier_null": 0.24997229916897504,
      "accuracy_at_0p5": 0.6736842105263158,
      "sensitivity": 0.8229166666666666,
      "specificity": 0.5212765957446809,
      "pred_tcp_min": 0.06512055621684944,
      "pred_tcp_max": 0.6355610511358518
    },
    {
      "model": "poisson_tcp",
      "dose_variable": "Dmean_gy",
      "n": 190,
      "outcome_definition": "OS >= median (51 wk)",
      "D50_gy": 52.39440639616757,
      "gamma50": 2.9041976430020773,
      "nll": 118.86710862062966,
      "nll_null": 131.68743779619973,
      "aic": 241.73421724125933,
      "bic": 248.2282653855803,
      "aic_null": 263.37487559239946,
      "bic_null": 263.37487559239946,
      "lr_chi2": 25.640658351140132,
      "lr_p_value": 2.7052149751405352e-06,
      "mcfadden_pseudo_r2": 0.09735423051825853,
      "roc_auc_insample": 0.6863918439716312,
      "roc_auc_cv_mean": 0.6857125269313636,
      "roc_auc_cv_std": 0.08562949828457084,
      "brier_score": 0.21761523683561354,
      "brier_null": 0.24997229916897504,
      "accuracy_at_0p5": 0.6684210526315789,
      "sensitivity": 0.8229166666666666,
      "specificity": 0.5106382978723404,
      "pred_tcp_min": 0.04176939614902539,
      "pred_tcp_max": 0.6631875560437056
    }
  ],
  "figures": [
    "01_demographics.png",
    "01_exclusion_reasons.png",
    "01_fractionation.png",
    "01_survival.png",
    "02_dmean_by_fractionation.png",
    "02_dvh_cohort_mean.png",
    "02_dvh_correlation.png",
    "02_dvh_overlay_median.png",
    "02_dvh_overlay_sample.png",
    "02_volume_hi.png"
  ]
}
