method,success,D50_gy,gamma50,nll,seconds,message,delta_D50_vs_lbfgs,delta_gamma_vs_lbfgs
L-BFGS-B,True,53.20044684006989,3.32373525138544,118.90916249043094,0.0006163330108392984,CONVERGENCE: RELATIVE REDUCTION OF F <= FACTR*EPSMCH,0.0,0.0
TNC,False,53.200360903445315,3.3236542118283743,118.90916249830624,0.006501209019916132,Max. number of function evaluations reached,8.59366245720139e-05,8.103955706584287e-05
SLSQP,True,53.200525042303745,3.323810488042661,118.9091624998352,0.003865833015879616,Optimization terminated successfully,7.820223385834879e-05,7.523665722075634e-05
Powell,True,53.2004608948738,3.3237257340501736,118.9091624902876,0.0007882500067353249,Optimization terminated successfully.,1.4054803912699754e-05,9.517335266551186e-06
Nelder-Mead,True,53.200478173531295,3.323733297205693,118.90916249040559,0.0010352910030633211,Optimization terminated successfully.,3.133346140771209e-05,1.954179746910256e-06
differential_evolution,True,53.19860845348076,3.323629679232315,118.90916306215965,0.012515458016423509,Optimization terminated successfully.,0.0018383865891280493,0.00010557215312534396
