parameter,estimate,ci_lower,ci_upper,method
D50_gy,53.20044684006989,48.90756302521008,58.15126050420168,profile_likelihood
gamma50,3.32373525138544,1.7605042016806722,4.848739495798319,profile_likelihood
