parameter,estimate,ci_lower,ci_upper,bootstrap_std,n_bootstrap_success,n_bootstrap_failures
D50_gy,53.20045826458758,49.54023517402031,56.74915783102732,1.8695074543735029,1000,0
gamma50,3.3237300291959646,2.0579125081977105,4.688614064768325,0.6684348868839695,1000,0
