model,n,n_folds,top_n_features,auc_insample,nested_cv_auc,nested_cv_brier,optimism_delta
dvh_volume_only,137,5,,0.7074404761904761,0.6973214285714285,0.16446155304421695,0.010119047619047583
dvh_volume_clinical,137,5,,0.7160714285714286,0.6744047619047618,0.16803072547599782,0.04166666666666674
pyro_top5_nested,137,5,5.0,0.7836309523809524,0.7386904761904761,0.15890715637879302,0.04494047619047625
pyro_top5_clinical_nested,137,5,5.0,0.7883928571428571,0.7151785714285714,0.1661436208219017,0.07321428571428568
