pair,n,point_biserial_r,p_value
EQD2_vs_os_median_proxy,137,0.25546774892437546,0.002587342068180002
EQD2_vs_rano_non_pd,137,-0.12725998125336088,0.1383605117894532
