model,n,k_params,covariates,auc,brier,nll
intercept_only,34,0,,,0.1254325259515571,14.19748920517124
volume_only,34,1,volume_cc,0.8344827586206897,0.10563147353387234,11.285929172993677
volume_age_ps,34,3,volume_cc+age+who_status,0.903448275862069,0.09348515937530258,9.909273373533066
