comparison,n,spearman_rho,spearman_p,pearson_r,pearson_p,mean_abs_pct_diff
t0_DVH_vs_RANO,141,1.0,0.0,0.9999999963065556,0.0,0.015809557602961384
t0_DVH_vs_RANO_t1size,137,0.7145537364422125,1.0765639313019294e-22,0.683939445979731,3.228100763003622e-20,138.73880804054227
