pair,n,point_biserial_r,p_value
EQD2_vs_os_median_proxy,137,0.2554677489243756,0.0025873420681799472
EQD2_vs_rano_non_pd,137,-0.12725998125336083,0.1383605117894532
