term,coef_stdized,odds_ratio,model,n,auc
intercept,2.349840605331227,10.483898514008981,volume_age_ps,34,0.903448275862069
volume_cc,1.1232401832958894,3.074800998704579,volume_age_ps,34,0.903448275862069
age,-0.8151489050101426,0.44257342105483227,volume_age_ps,34,0.903448275862069
who_status,-0.2660155205648352,0.766427232025161,volume_age_ps,34,0.903448275862069
