n_bootstrap,auc_mean,auc_ci_lower,auc_ci_upper
995,0.9266846538485594,0.8135991379310346,1.0
