model,endpoint,outcome_definition,n,event_rate,roc_auc_insample,roc_auc_cv_mean,roc_auc_cv_std,aic,lr_p_value,D50_gy
poisson_tcp,os_median_proxy,"OS >= median (56 wk), n=137",137,0.5182481751824818,0.6221724285104566,0.6212794348508635,0.08399635510729334,184.57523994286635,0.010231514926326013,53.636869057262395
poisson_tcp,rano_non_pd_t1,"RANO non-PD at t1, n=137, PD rate=23.4%",137,0.7664233576642335,0.4257440476190476,0.422108843537415,0.0531183675870043,155.90442640833163,1.0,1.0
logistic_tcp,os_median_proxy,"OS >= median (56 wk), n=137",137,0.5182481751824818,0.6221724285104566,0.6212794348508635,0.08399635510729334,184.61488485023963,0.010436352137993876,54.18255972439609
logistic_tcp,rano_non_pd_t1,"RANO non-PD at t1, n=137, PD rate=23.4%",137,0.7664233576642335,0.4257440476190476,0.422108843537415,0.0531183675870043,156.16618885329302,1.0,1.0
probit_tcp,os_median_proxy,"OS >= median (56 wk), n=137",137,0.5182481751824818,0.6221724285104566,0.6212794348508635,0.08399635510729334,184.60034589449367,0.010360760396188051,54.150473667375365
probit_tcp,rano_non_pd_t1,"RANO non-PD at t1, n=137, PD rate=23.4%",137,0.7664233576642335,0.4257440476190476,0.422108843537415,0.0531183675870043,158.7052295085108,1.0,18.7864619447444
