model,k_params,log_likelihood,aic,bic,roc_auc,brier_score,hl_chi2,hl_p_value
probit_tcp,2,-118.8656327551214,241.7312655102428,248.22531365456376,0.683455230496454,0.21745897069499381,13.33151712658729,0.10094080895272017
logistic_tcp,2,-118.8727430995771,241.7454861991542,248.23953434347516,0.683455230496454,0.21745690125001307,13.337424513005242,0.10075523885683235
poisson_tcp,2,-118.90916249031162,241.81832498062323,248.3123731249442,0.683455230496454,0.21763489622000196,13.353227663966134,0.10026029088106736
eud_tcp,3,-118.84539842773617,243.69079685547234,253.4318690719538,0.6849512411347518,0.21755785480673734,4.747622190417686,0.7841785567967633
