model,k_params,log_likelihood,aic,bic,roc_auc,brier_score,hl_chi2,hl_p_value
probit_tcp,2,-118.86563275523179,241.73126551046357,248.22531365478454,0.683455230496454,0.21745897048406562,13.331521518473824,0.1009406708773618
logistic_tcp,2,-118.87274309955279,241.74548619910559,248.23953434342656,0.683455230496454,0.21745690161476133,13.337424173472469,0.10075524951399217
poisson_tcp,2,-118.90916249035902,241.81832498071805,248.31237312503902,0.683455230496454,0.2176348960313128,13.353230272587215,0.10026020935775315
eud_tcp,3,-118.84539842775949,243.69079685551898,253.43186907200044,0.6849512411347518,0.21755785466496858,4.747620889455924,0.7841786918449183
